"","NAWQA_ID","SuCode","SuCode2","R17503","P17503","R82303","P82303","KPb210"
"1","BISCPAS1-03","biscpas1","bisc",NA,0.56,NA,210,1500
"2","BISCPAS1-14","biscpas1","bisc",NA,0.39,NA,508,5210.25641025641
"3","BISCPAS1-17","biscpas1","bisc",NA,0.53,NA,299,2256.60377358491
"4","BISCPAS1-25","biscpas1","bisc",NA,1.02,NA,389,1525.49019607843
"5","BISCPAS1-29","biscpas1","bisc",NA,0.7,NA,381,2177.14285714286
"6","BISCPAS1-33","biscpas1","bisc",NA,1.01,NA,212,839.60396039604
"7","BNRCPAS1-01","bnrcpas1","bnrc",NA,0.41,NA,91,887.804878048781
"8","BNRCPAS1-02","bnrcpas1","bnrc",NA,0.4,NA,313,3130
"9","BNRCPAS1-07","bnrcpas1","bnrc",NA,0.41,NA,315,3073.17073170732
"10","BNRCPAS1-08","bnrcpas1","bnrc",NA,0.47,NA,389,3310.63829787234
"11","BNRCPAS1-11","bnrcpas1","bnrc",NA,0.43,NA,1057,9832.55813953488
"12","BNRCPAS1-12","bnrcpas1","bnrc",NA,0.5,NA,298,2384
"13","BNRCPAS1-14","bnrcpas1","bnrc",NA,0.56,NA,459,3278.57142857143
"14","BNRCPAS1-15","bnrcpas1","bnrc",NA,1.47,NA,6890,18748.2993197279
"15","BNRCPAS1-16","bnrcpas1","bnrc",NA,0.5,NA,532,4256
"16","BNRFPAS1-02","bnrfpas1","bnrf",NA,0.35,NA,436,4982.85714285714
"17","BNRFPAS1-03","bnrfpas1","bnrf",NA,0.38,NA,578,6084.21052631579
"18","BNRFPAS1-05","bnrfpas1","bnrf",NA,0.67,NA,268,1600
"19","BNRFPAS1-06","bnrfpas1","bnrf",NA,0.97,NA,1330,5484.53608247423
"20","BNRFPAS1-11","bnrfpas1","bnrf",NA,1.57,NA,1008,2568.15286624204
"21","BNRFPAS1-12","bnrfpas1","bnrf",NA,0.42,NA,365,3476.19047619048
"22","BNRFPAS1-13","bnrfpas1","bnrf",NA,0.81,NA,942,4651.85185185185
"23","BNRFPAS1-15","bnrfpas1","bnrf",NA,0.55,NA,555,4036.36363636364
"24","BNRFPAS1-18","bnrfpas1","bnrf",NA,0.37,NA,659,7124.32432432432
"25","BNRFPAS1-19","bnrfpas1","bnrf",NA,0.53,NA,491,3705.66037735849
"26","BNRFPAS1-20","bnrfpas1","bnrf",NA,0.89,NA,1140,5123.59550561798
"27","BNRFPAS1-21","bnrfpas1","bnrf",NA,0.97,NA,2690,11092.7835051546
"28","BNRFPAS1-23","bnrfpas1","bnrf",NA,0.9,NA,2580,11466.6666666667
"29","BNRFPAS1-25","bnrfpas1","bnrf",NA,0.44,NA,1311,11918.1818181818
"30","BNRFPAS1-28","bnrfpas1","bnrf",NA,0.96,NA,769,3204.16666666667
"31","BNRFPAS1-32","bnrfpas1","bnrf",NA,0.34,NA,369,4341.17647058824
"32","BNRFPAS1-33","bnrfpas1","bnrf",NA,0.85,NA,794,3736.47058823529
"33","BNRFPAS1-35","bnrfpas1","bnrf",NA,0.41,NA,380,3707.31707317073
"34","BNRFPAS1-36","bnrfpas1","bnrf",NA,1.33,NA,1174,3530.82706766917
"35","BNRFPAS1-39","bnrfpas1","bnrf",NA,0.49,NA,175,1428.57142857143
"36","BNRFPAS1-40","bnrfpas1","bnrf",NA,0.28,NA,563,8042.85714285714
"37","BNRFPAS1-42","bnrfpas1","bnrf",NA,0.67,NA,1067,6370.14925373134
"38","BNRFPAS1-43","bnrfpas1","bnrf",NA,0.37,NA,526,5686.48648648649
"39","BNRFPAS1-45","bnrfpas1","bnrf",NA,0.57,NA,1154,8098.24561403509
"40","BNRFPAS1-46","bnrfpas1","bnrf",NA,0.78,NA,1409,7225.64102564103
"41","BNRFPAS1-48","bnrfpas1","bnrf",NA,0.52,NA,350,2692.30769230769
"42","BNRFPAS1-50","bnrfpas1","bnrf",NA,0.29,NA,380,5241.37931034483
"43","BNRFPAS1-51","bnrfpas1","bnrf",NA,0.57,NA,1073,7529.82456140351
"44","BNRFPAS1-52","bnrfpas1","bnrf",NA,0.47,NA,315,2680.85106382979
"45","BNRFPAS1-55","bnrfpas1","bnrf",NA,0.48,NA,732,6100
"46","BNRFPAS1-56","bnrfpas1","bnrf",NA,0.6,NA,1132,7546.66666666667
"47","BNRFPAS1-58","bnrfpas1","bnrf",NA,0.62,NA,740,4774.1935483871
"48","BNRFPAS1-59","bnrfpas1","bnrf",NA,0.45,NA,228,2026.66666666667
"49","BNRFPAS1-60","bnrfpas1","bnrf",NA,0.42,NA,1140,10857.1428571429
"50","BNRFPAS1-64","bnrfpas1","bnrf",NA,0.5,NA,810,6480
"51","BNRFPAS1-66","bnrfpas1","bnrf",NA,0.49,NA,252,2057.14285714286
"52","BNRFPAS1-68","bnrfpas1","bnrf",NA,0.76,NA,2150,11315.7894736842
"53","BNRFPAS1-69","bnrfpas1","bnrf",NA,0.62,NA,886,5716.12903225806
"54","BNRFPAS1-70","bnrfpas1","bnrf",NA,0.52,NA,1091,8392.30769230769
"55","BNRFPAS1-71","bnrfpas1","bnrf",NA,0.69,NA,554,3211.59420289855
"56","BNRFPAS1-72","bnrfpas1","bnrf",NA,0.38,NA,811,8536.84210526316
"57","BNRFPAS1-73","bnrfpas1","bnrf",NA,1.99,NA,287,576.884422110553
"58","BNRFPAS1-74","bnrfpas1","bnrf",NA,0.42,NA,754,7180.95238095238
"59","BNRFPAS1-76","bnrfpas1","bnrf",NA,0.68,NA,847,4982.35294117647
"60","BNRFPAS1-77","bnrfpas1","bnrf",NA,0.86,NA,607,2823.25581395349
"61","CLOWPAS1-02","clowpas1","clow",NA,0.36,NA,1093,12144.4444444444
"62","CLOWPAS1-03","clowpas1","clow",NA,0.45,NA,487,4328.88888888889
"63","CLOWPAS1-04","clowpas1","clow",NA,1,NA,4170,16680
"64","CLOWPAS1-05","clowpas1","clow",NA,0.47,NA,1485,12638.2978723404
"65","CLOWPAS1-09","clowpas1","clow",NA,0.62,NA,275,1774.1935483871
"66","CLOWPAS1-10","clowpas1","clow",NA,0.6,NA,949,6326.66666666667
"67","CLOWPAS1-15","clowpas1","clow",NA,0.55,NA,1080,7854.54545454545
"68","CLOWPAS1-17","clowpas1","clow",NA,0.84,NA,400,1904.7619047619
"69","CLOWPAS1-19","clowpas1","clow",NA,1.02,NA,431,1690.19607843137
"70","CLOWPAS1-20","clowpas1","clow",NA,0.42,NA,327,3114.28571428571
"71","CLOWPAS1-22","clowpas1","clow",NA,0.43,NA,848,7888.37209302325
"72","CLOWPAS1-23","clowpas1","clow",NA,0.53,NA,2740,20679.2452830189
"73","CLOWPAS1-28","clowpas1","clow",NA,0.36,NA,322,3577.77777777778
"74","CLOWPAS1-29","clowpas1","clow",NA,0.4,NA,203,2030
"75","CLOWPAS1-30","clowpas1","clow",NA,0.62,NA,113,729.032258064516
"76","CLOWPAS1-31","clowpas1","clow",NA,0.88,NA,152,690.909090909091
"77","CLOWPAS1-32","clowpas1","clow",NA,0.42,NA,179,1704.7619047619
"78","CLOWPAS1-35","clowpas1","clow",NA,0.71,NA,159,895.774647887324
"79","CLOWPAS1-36","clowpas1","clow",NA,0.4,NA,169,1690
"80","CLOWPAS1-37","clowpas1","clow",NA,0.59,NA,102,691.525423728814
"81","CLOWPAS1-39","clowpas1","clow",NA,0.84,NA,57,271.428571428571
"82","CLOWPAS1-40","clowpas1","clow",NA,0.86,NA,157,730.232558139535
"83","CLOWPAS1-42","clowpas1","clow",NA,0.76,NA,114,600
"84","CLOWPAS1-45","clowpas1","clow",NA,0.81,NA,329,1624.69135802469
"85","CLOWPAS1-46","clowpas1","clow",NA,1.28,NA,698,2181.25
"86","CLOWPAS1-47","clowpas1","clow",NA,0.4,NA,274,2740
"87","CLOWPAS1-48","clowpas1","clow",NA,0.66,NA,346,2096.9696969697
"88","CLOWPAS1-49","clowpas1","clow",NA,0.61,NA,47,308.196721311475
"89","CLOWPAS1-50","clowpas1","clow",NA,1.15,NA,57,198.260869565217
"90","CLOWPAS1-51","clowpas1","clow",NA,0.69,NA,181,1049.27536231884
"91","CLOWPAS1-52","clowpas1","clow",NA,0.86,NA,179,832.558139534884
"92","CLOWPAS1-54","clowpas1","clow",NA,0.47,NA,213,1812.76595744681
"93","CLOWPAS1-55","clowpas1","clow",NA,0.46,NA,310,2695.65217391304
"94","CLOWPAS1-59","clowpas1","clow",NA,0.46,NA,38,330.434782608696
"95","CLPTPAS1-03","clptpas1","clpt",NA,0.52,NA,343,2638.46153846154
"96","CLPTPAS1-04","clptpas1","clpt",NA,0.34,NA,434,5105.88235294118
"97","CLPTPAS1-05","clptpas1","clpt",NA,0.39,NA,199,2041.02564102564
"98","CLPTPAS1-06","clptpas1","clpt",NA,0.29,NA,244,3365.51724137931
"99","CLPTPAS1-08","clptpas1","clpt",NA,0.4,NA,550,5500
"100","CLPTPAS1-11","clptpas1","clpt",NA,0.38,NA,443,4663.15789473684
"101","CLPTPAS1-13","clptpas1","clpt",NA,0.66,NA,1273,7715.15151515152
"102","CLPTPAS1-26","clptpas1","clpt",NA,0.48,NA,508,4233.33333333333
"103","CLPTPAS1-31","clptpas1","clpt",NA,0.47,NA,413,3514.89361702128
"104","CLPTPAS1-32","clptpas1","clpt",NA,0.69,NA,4050,23478.2608695652
"105","CLPTPAS1-37","clptpas1","clpt",NA,0.45,NA,439,3902.22222222222
"106","CLPTPAS1-39","clptpas1","clpt",NA,0.42,NA,320,3047.61904761905
"107","CLPTPAS1-40","clptpas1","clpt",NA,1.51,NA,11560,30622.5165562914
"108","CMORPAS1-03","cmorpas1","cmor",NA,0.86,NA,377,1753.48837209302
"109","CMORPAS1-04","cmorpas1","cmor",NA,0.33,NA,173,2096.9696969697
"110","CMORPAS1-07","cmorpas1","cmor",NA,0.63,NA,124,787.301587301587
"111","CMORPAS1-08","cmorpas1","cmor",NA,0.62,NA,200,1290.32258064516
"112","CMORPAS1-09","cmorpas1","cmor",NA,0.48,NA,290,2416.66666666667
"113","CMORPAS1-10","cmorpas1","cmor",NA,0.6,NA,233,1553.33333333333
"114","CMORPAS1-11","cmorpas1","cmor",NA,0.32,NA,432,5400
"115","CMORPAS1-14","cmorpas1","cmor",NA,0.46,NA,42.4,368.695652173913
"116","CMORPAS1-15","cmorpas1","cmor",NA,0.38,NA,42.4,446.315789473684
"117","CMORPAS1-20","cmorpas1","cmor",NA,0.64,NA,103,643.75
"118","CMORPAS1-21","cmorpas1","cmor",NA,0.38,NA,491,5168.42105263158
"119","CMORPAS1-22","cmorpas1","cmor",NA,0.42,NA,600,5714.28571428571
"120","CMORPAS1-23","cmorpas1","cmor",NA,0.58,NA,2250,15517.2413793103
"121","CMORPAS1-27","cmorpas1","cmor",NA,0.56,NA,71.4,510
"122","CMORPAS1-28","cmorpas1","cmor",NA,0.59,NA,149,1010.16949152542
"123","CMORPAS1-29","cmorpas1","cmor",NA,0.4,NA,90.5,905
"124","CMORPAS1-33","cmorpas1","cmor",NA,0.44,NA,109,990.909090909091
"125","CMORPAS1-34","cmorpas1","cmor",NA,0.43,NA,55,511.627906976744
"126","CMORPAS1-37","cmorpas1","cmor",NA,0.46,NA,545,4739.13043478261
"127","CMORPAS1-39","cmorpas1","cmor",NA,0.44,NA,245,2227.27272727273
"128","CMORPAS1-42","cmorpas1","cmor",NA,0.44,NA,169,1536.36363636364
"129","CMORPAS1-43","cmorpas1","cmor",NA,0.38,NA,84,884.210526315789
"130","CMORPAS1-46","cmorpas1","cmor",NA,0.56,NA,143,1021.42857142857
"131","CMORPAS1-48","cmorpas1","cmor",NA,0.46,NA,147,1278.26086956522
"132","CMORPAS1-53","cmorpas1","cmor",NA,0.33,NA,178,2157.57575757576
"133","CMORPAS1-56","cmorpas1","cmor",NA,0.57,NA,378,2652.63157894737
"134","CMORPAS1-57","cmorpas1","cmor",NA,0.37,NA,220,2378.37837837838
"135","CMORPAS1-58","cmorpas1","cmor",NA,0.28,NA,250,3571.42857142857
"136","CMORPAS1-60","cmorpas1","cmor",NA,0.38,NA,258,2715.78947368421
"137","EDTRETN1-01","edtrpas1","edtr",NA,0.28,NA,56.9,812.857142857143
"138","EDTRETN1-03","edtrpas1","edtr",NA,0.32,NA,567,7087.5
"139","FLORPAS1-04","florpas1","flor",NA,0.63,NA,316,2006.34920634921
"140","FLORPAS1-05","florpas1","flor",NA,0.56,NA,180,1285.71428571429
"141","FLORPAS1-06","florpas1","flor",NA,1.29,NA,71.9,222.945736434109
"142","FLORPAS1-07","florpas1","flor",NA,0.76,NA,96,505.263157894737
"143","FLORPAS1-48","florpas1","flor",NA,0.52,NA,389,2992.30769230769
"144","FLORPAS1-49","florpas1","flor",NA,0.64,NA,1292,8075
"145","FLORPAS1-50","florpas1","flor",NA,0.44,NA,1070,9727.27272727273
"146","FLORPAS1-54","florpas1","flor",NA,0.65,NA,620,3815.38461538462
"147","FLORPAS1-55","florpas1","flor",NA,0.62,NA,374,2412.90322580645
"148","FLORPAS1-57","florpas1","flor",NA,0.53,NA,74,558.490566037736
"149","GLACPAS1-03","glacpas1","glac",NA,0.44,NA,341,3100
"150","GLACPAS1-05","glacpas1","glac",NA,0.44,NA,600,5454.54545454545
"151","GLACPAS1-07","glacpas1","glac",NA,0.43,NA,366,3404.6511627907
"152","GLACPAS1-08","glacpas1","glac",NA,0.57,NA,1604,11256.1403508772
"153","GLACPAS1-11","glacpas1","glac",NA,0.63,NA,549,3485.71428571429
"154","GLACPAS1-12","glacpas1","glac",NA,0.59,NA,652,4420.33898305085
"155","GLACPAS1-25","glacpas1","glac",NA,0.68,NA,168,988.235294117647
"156","GLACPAS1-27","glacpas1","glac",NA,0.35,NA,1098,12548.5714285714
"157","GLACPAS1-28","glacpas1","glac",NA,0.29,NA,138,1903.44827586207
"158","GLACPAS1-30","glacpas1","glac",NA,0.44,NA,1676,15236.3636363636
"159","GLACPAS1-33","glacpas1","glac",NA,0.49,NA,707,5771.42857142857
"160","GLACPAS1-35","glacpas1","glac",NA,0.8,NA,685,3425
"161","GLACPAS1-36","glacpas1","glac",NA,0.67,NA,390,2328.35820895522
"162","GLACPAS1-37","glacpas1","glac",NA,0.72,NA,170,944.444444444445
"163","GLACPAS1-38","glacpas1","glac",NA,0.49,NA,559,4563.26530612245
"164","GLACPAS1-40","glacpas1","glac",NA,0.45,NA,547,4862.22222222222
"165","GLACPAS1-41","glacpas1","glac",NA,0.69,NA,1199,6950.72463768116
"166","GLACPAS1-42","glacpas1","glac",NA,0.38,NA,378,3978.94736842105
"167","GLACPAS1-44","glacpas1","glac",NA,0.74,NA,219,1183.78378378378
"168","GLACPAS1-45","glacpas1","glac",NA,0.58,NA,749,5165.51724137931
"169","GLACPAS1-49","glacpas1","glac",NA,0.42,NA,72,685.714285714286
"170","GLACPAS1-51","glacpas1","glac",NA,0.85,NA,934,4395.29411764706
"171","GLACPAS1-52","glacpas1","glac",NA,0.36,NA,907,10077.7777777778
"172","GLACPAS1-54","glacpas1","glac",NA,0.59,NA,72.1,488.813559322034
"173","GLACPAS1-56","glacpas1","glac",NA,0.94,NA,92,391.489361702128
"174","GLACPAS1-57","glacpas1","glac",NA,0.41,NA,1604,15648.7804878049
"175","GLACPAS1-58","glacpas1","glac",NA,0.4,NA,263,2630
"176","GLACPAS1-59","glacpas1","glac",NA,0.77,NA,325,1688.31168831169
"177","GLACPAS1-62","glacpas1","glac",NA,0.42,NA,381,3628.57142857143
"178","GLACPAS1-66","glacpas1","glac",NA,0.59,NA,88,596.610169491525
"179","GLACPAS1-68","glacpas1","glac",NA,0.39,NA,84.6,867.692307692308
"180","GLACPAS1-69","glacpas1","glac",NA,0.61,NA,1011,6629.50819672131
"181","GLACPAS1-72","glacpas1","glac",NA,0.38,NA,144,1515.78947368421
"182","GLACPAS1-78","glacpas1","glac",NA,0.53,NA,330,2490.56603773585
"183","GLACPAS1-79","glacpas1","glac",NA,0.29,NA,315,4344.8275862069
"184","GLACPAS1-80","glacpas1","glac",NA,0.3,NA,210,2800
"185","GLACPAS1-81","glacpas1","glac",NA,0.65,NA,210,1292.30769230769
"186","GLACPAS1-83","glacpas1","glac",NA,0.53,NA,224,1690.56603773585
"187","GLACPAS1-84","glacpas1","glac",NA,0.86,NA,100,465.116279069767
"188","GLACPAS1-87","glacpas1","glac",NA,0.64,NA,177,1106.25
"189","HPAQPAS1-02","hpaqpas1","hpaq",NA,0.35,NA,778,8891.42857142857
"190","HPAQPAS1-04","hpaqpas1","hpaq",NA,0.35,NA,817,9337.14285714286
"191","HPAQPAS1-12","hpaqpas1","hpaq",NA,0.62,NA,998,6438.70967741936
"192","HPAQPAS1-15","hpaqpas1","hpaq",NA,0.52,NA,1393,10715.3846153846
"193","HPAQPAS1-48","hpaqpas1","hpaq",NA,0.75,NA,363,1936
"194","HPAQPAS1-55","hpaqpas1","hpaq",NA,0.38,NA,282,2968.42105263158
"195","HPAQPAS1-57","hpaqpas1","hpaq",NA,0.39,NA,216,2215.38461538462
"196","HPAQPAS1-64","hpaqpas1","hpaq",NA,0.5,NA,859,6872
"197","HPAQPAS1-70","hpaqpas1","hpaq",NA,0.37,NA,729,7881.08108108108
"198","HPAQPAS1-72","hpaqpas1","hpaq",NA,0.46,NA,239,2078.26086956522
"199","HPAQPAS1-74","hpaqpas1","hpaq",NA,3.52,NA,169,192.045454545455
"200","METXPAS1-06","metxpas1","metx",NA,0.5,NA,65.8,526.4
"201","METXPAS1-07","metxpas1","metx",NA,0.58,NA,73.1,504.137931034483
"202","METXPAS1-08","metxpas1","metx",NA,5.78,NA,100,69.2041522491349
"203","METXPAS1-13","metxpas1","metx",NA,0.55,NA,37.9,275.636363636364
"204","METXPAS1-18","metxpas1","metx",NA,0.43,NA,66,613.953488372093
"205","METXPAS1-19","metxpas1","metx",NA,0.41,NA,35.1,342.439024390244
"206","METXPAS1-20","metxpas1","metx",NA,0.52,NA,106,815.384615384615
"207","METXPAS1-21","metxpas1","metx",NA,0.47,NA,303,2578.72340425532
"208","METXPAS1-22","metxpas1","metx",NA,0.4,NA,258,2580
"209","METXPAS1-28","metxpas1","metx",NA,0.47,NA,87,740.425531914894
"210","METXPAS1-33","metxpas1","metx",NA,0.69,NA,71.7,415.652173913044
"211","METXPAS1-34","metxpas1","metx",NA,0.35,NA,100,1142.85714285714
"212","METXPAS1-36","metxpas1","metx",NA,0.43,NA,66.4,617.674418604651
"213","METXPAS1-40","metxpas1","metx",NA,0.71,NA,149,839.43661971831
"214","METXPAS1-41","metxpas1","metx",NA,0.53,NA,31.6,238.490566037736
"215","METXPAS1-42","metxpas1","metx",NA,0.35,NA,94,1074.28571428571
"216","METXPAS1-45","metxpas1","metx",NA,0.51,NA,84,658.823529411765
"217","METXPAS1-46","metxpas1","metx",NA,0.33,NA,101,1224.24242424242
"218","METXPAS1-47","metxpas1","metx",NA,0.42,NA,31.8,302.857142857143
"219","METXPAS1-49","metxpas1","metx",NA,0.9,NA,76.4,339.555555555556
"220","METXPAS1-50","metxpas1","metx",NA,0.68,NA,77,452.941176470588
"221","METXPAS1-58","metxpas1","metx",NA,0.57,NA,147,1031.57894736842
"222","METXPAS1-60","metxpas1","metx",NA,0.5,NA,54.9,439.2
"223","METXPAS1-86","metxpas1","metx",NA,0.43,NA,40.3,374.883720930233
"224","NACPPAS1A-01","nacppas1","nacp1a",NA,0.13,NA,238,7323.07692307692
"225","NACPPAS1A-10","nacppas1","nacp1a",NA,0.17,NA,723,17011.7647058824
"226","NACPPAS1A-12","nacppas1","nacp1a",NA,0.2,NA,358,7160
"227","NACPPAS1A-23","nacppas1","nacp1a",NA,0.12,NA,330,11000
"228","NACPPAS1B-02","nacppas1","nacp1b",NA,0.12,NA,97,3233.33333333333
"229","NACPPAS1B-19","nacppas1","nacp1b",NA,0.2,NA,69,1380
"230","NACPPAS2A-01","nacppas2","nacp2a",NA,0.63,NA,56,355.555555555556
"231","NACPPAS2A-05","nacppas2","nacp2a",NA,0.47,NA,308,2621.27659574468
"232","NACPPAS2A-08","nacppas2","nacp2a",NA,0.52,NA,1208,9292.30769230769
"233","NACPPAS2A-09","nacppas2","nacp2a",NA,0.68,NA,253,1488.23529411765
"234","NACPPAS2A-15","nacppas2","nacp2a",NA,1.04,NA,387,1488.46153846154
"235","NACPPAS2A-19","nacppas2","nacp2a",NA,0.46,NA,52.8,459.130434782609
"236","NACPPAS2A-20","nacppas2","nacp2a",NA,0.53,NA,406,3064.15094339623
"237","NACPPAS2A-22","nacppas2","nacp2a",NA,0.49,NA,124,1012.24489795918
"238","NACPPAS2A-23","nacppas2","nacp2a",NA,0.79,NA,38,192.405063291139
"239","NACPPAS2A-24","nacppas2","nacp2a",NA,0.78,NA,57.7,295.897435897436
"240","NACPPAS2A-26","nacppas2","nacp2a",NA,0.62,NA,173,1116.12903225806
"241","NACPPAS2A-27","nacppas2","nacp2a",NA,0.37,NA,337,3643.24324324324
"242","NACPPAS2A-28","nacppas2","nacp2a",NA,0.68,NA,205,1205.88235294118
"243","NACPPAS2A-29","nacppas2","nacp2a",NA,1.83,NA,103,225.136612021858
"244","NACPPAS2B-01","nacppas2","nacp2b",NA,0.53,NA,181,1366.03773584906
"245","NACPPAS2B-03","nacppas2","nacp2b",NA,0.54,NA,149,1103.7037037037
"246","NACPPAS2B-04","nacppas2","nacp2b",NA,0.41,NA,78,760.975609756098
"247","NACPPAS2B-06","nacppas2","nacp2b",NA,1.1,NA,58,210.909090909091
"248","NACPPAS2B-10","nacppas2","nacp2b",NA,0.86,NA,179,832.558139534884
"249","NACPPAS2B-17","nacppas2","nacp2b",NA,1.55,NA,199,513.548387096774
"250","NACPPAS2B-25","nacppas2","nacp2b",NA,0.95,NA,183,770.526315789474
"251","NACPPAS2B-29","nacppas2","nacp2b",NA,0.55,NA,202,1469.09090909091
"252","OZRKPAS1-04","ozrkpas1","ozrk",NA,2.47,NA,47,76.1133603238866
"253","OZRKPAS1-09","ozrkpas1","ozrk",NA,0.44,NA,62.4,567.272727272727
"254","OZRKPAS1-18","ozrkpas1","ozrk",NA,0.34,NA,231,2717.64705882353
"255","OZRKPAS1-24","ozrkpas1","ozrk",NA,2.49,NA,91,146.184738955823
"256","OZRKPAS1-25","ozrkpas1","ozrk",NA,0.77,NA,174,903.896103896104
"257","OZRKPAS1-57","ozrkpas1","ozrk",NA,0.53,NA,147,1109.43396226415
"258","OZRKPAS1-58","ozrkpas1","ozrk",NA,0.35,NA,180,2057.14285714286
"259","PIEDPAS1-02","piedpas1","pied",NA,0.34,NA,561,6600
"260","PIEDPAS1-03","piedpas1","pied",NA,0.5,NA,896,7168
"261","PIEDPAS1-04","piedpas1","pied",NA,0.56,NA,1721,12292.8571428571
"262","PIEDPAS1-05","piedpas1","pied",NA,0.68,NA,57.1,335.882352941176
"263","PIEDPAS1-06","piedpas1","pied",NA,1.07,NA,1960,7327.10280373832
"264","PIEDPAS1-07","piedpas1","pied",NA,0.58,NA,4760,32827.5862068966
"265","PIEDPAS1-08","piedpas1","pied",NA,0.48,NA,1900,15833.3333333333
"266","PIEDPAS1-09","piedpas1","pied",NA,0.43,NA,845,7860.46511627907
"267","PIEDPAS1-10","piedpas1","pied",NA,0.78,NA,4350,22307.6923076923
"268","PIEDPAS1-11","piedpas1","pied",NA,0.87,NA,3640,16735.632183908
"269","PIEDPAS1-12","piedpas1","pied",NA,0.68,NA,2940,17294.1176470588
"270","PIEDPAS1-13","piedpas1","pied",NA,1.76,NA,8090,18386.3636363636
"271","PIEDPAS1-15","piedpas1","pied",NA,0.63,NA,728,4622.22222222222
"272","PIEDPAS1-16","piedpas1","pied",NA,0.5,NA,3060,24480
"273","PIEDPAS1-18","piedpas1","pied",NA,0.54,NA,1114,8251.85185185185
"274","PIEDPAS1-19","piedpas1","pied",NA,1.39,NA,5940,17093.5251798561
"275","PIEDPAS1-21","piedpas1","pied",NA,1.33,NA,4330,13022.5563909774
"276","PIEDPAS1-24","piedpas1","pied",NA,0.58,NA,267,1841.37931034483
"277","PIEDPAS1-25","piedpas1","pied",NA,3.04,NA,14070,18513.1578947368
"278","PIEDPAS1-26","piedpas1","pied",NA,0.39,NA,1820,18666.6666666667
"279","PIEDPAS1-27","piedpas1","pied",NA,1.71,NA,7410,17333.3333333333
"280","PIEDPAS1-28","piedpas1","pied",NA,0.85,NA,1676,7887.05882352941
"281","PIEDPAS1-29","piedpas1","pied",NA,0.5,NA,150,1200
"282","PIEDPAS1-30","piedpas1","pied",NA,0.52,NA,1501,11546.1538461538
"283","PIEDPAS1-31","piedpas1","pied",NA,0.51,NA,506,3968.62745098039
"284","PIEDPAS1-32","piedpas1","pied",NA,0.64,NA,2630,16437.5
"285","PIEDPAS1-33","piedpas1","pied",NA,0.74,NA,1820,9837.83783783784
"286","PIEDPAS1-37","piedpas1","pied",NA,1.56,NA,5160,13230.7692307692
"287","PIEDPAS1-38","piedpas1","pied",NA,1.1,NA,7930,28836.3636363636
"288","PIEDPAS1-39","piedpas1","pied",NA,2.06,NA,6170,11980.5825242718
"289","PIEDPAS1-40","piedpas1","pied",NA,0.84,NA,2190,10428.5714285714
"290","PIEDPAS1-41","piedpas1","pied",NA,1.03,NA,5510,21398.0582524272
"291","PIEDPAS1-42","piedpas1","pied",NA,2.59,NA,9250,14285.7142857143
"292","PIEDPAS1-43","piedpas1","pied",NA,1.05,NA,4200,16000
"293","PIEDPAS1-44","piedpas1","pied",NA,0.63,NA,2710,17206.3492063492
"294","PIEDPAS1-45","piedpas1","pied",NA,0.61,NA,1493,9790.16393442623
"295","PIEDPAS1-47","piedpas1","pied",NA,0.48,NA,4620,38500
"296","PIEDPAS1-50","piedpas1","pied",NA,0.74,NA,7460,40324.3243243243
"297","PIEDPAS1-52","piedpas1","pied",NA,0.72,NA,1767,9816.66666666667
"298","PIEDPAS1-56","piedpas1","pied",NA,0.72,NA,4190,23277.7777777778
"299","PIEDPAS1-57","piedpas1","pied",NA,0.75,NA,1429,7621.33333333333
"300","PIEDPAS1-58","piedpas1","pied",NA,0.82,NA,2410,11756.0975609756
"301","PIEDPAS1-59","piedpas1","pied",NA,1.5,NA,4970,13253.3333333333
"302","PIEDPAS1-60","piedpas1","pied",NA,3.18,NA,11150,14025.1572327044
"303","RGAQPAS1-04","rgaqpas1","rgaq",NA,0.48,NA,154,1283.33333333333
"304","RGAQPAS1-05","rgaqpas1","rgaq",NA,0.74,NA,1672,9037.83783783784
"305","RGAQPAS1-08","rgaqpas1","rgaq",NA,0.62,NA,471,3038.70967741935
"306","RGAQPAS1-09","rgaqpas1","rgaq",NA,0.55,NA,1162,8450.90909090909
"307","RGAQPAS1-12","rgaqpas1","rgaq",NA,0.31,NA,502,6477.41935483871
"308","RGAQPAS1-14","rgaqpas1","rgaq",NA,0.44,NA,2200,20000
"309","RGAQPAS1-15","rgaqpas1","rgaq",NA,0.71,NA,289,1628.16901408451
"310","RGAQPAS1-17","rgaqpas1","rgaq",NA,0.93,NA,4410,18967.7419354839
"311","RGAQPAS1-19","rgaqpas1","rgaq",NA,0.33,NA,338,4096.9696969697
"312","RGAQPAS1-22","rgaqpas1","rgaq",NA,0.9,NA,322,1431.11111111111
"313","RGAQPAS1-23","rgaqpas1","rgaq",NA,0.91,NA,234,1028.57142857143
"314","RGAQPAS1-25","rgaqpas1","rgaq",NA,0.34,NA,2670,31411.7647058823
"315","RGAQPAS1-30","rgaqpas1","rgaq",NA,0.52,NA,615,4730.76923076923
"316","RGAQPAS1-31","rgaqpas1","rgaq",NA,0.83,NA,608,2930.12048192771
"317","RGAQPAS1-33","rgaqpas1","rgaq",NA,0.41,NA,697,6800
"318","RGAQPAS1-34","rgaqpas1","rgaq",NA,0.41,NA,675,6585.36585365854
"319","RGAQPAS1-35","rgaqpas1","rgaq",NA,0.91,NA,309,1358.24175824176
"320","RGAQPAS1-37","rgaqpas1","rgaq",NA,0.6,NA,254,1693.33333333333
"321","RGAQPAS1-38","rgaqpas1","rgaq",NA,1.14,NA,2460,8631.57894736842
"322","RGAQPAS1-39","rgaqpas1","rgaq",NA,0.56,NA,1317,9407.14285714286
"323","RGAQPAS1-40","rgaqpas1","rgaq",NA,1.52,NA,6550,17236.8421052632
"324","RGAQPAS1-43","rgaqpas1","rgaq",NA,0.39,NA,416,4266.66666666667
"325","RGAQPAS1-47","rgaqpas1","rgaq",NA,0.32,NA,432,5400
"326","RGAQPAS1-49","rgaqpas1","rgaq",NA,0.44,NA,755,6863.63636363636
"327","RGAQPAS1-54","rgaqpas1","rgaq",NA,0.36,NA,463,5144.44444444444
"328","RGAQPAS1-56","rgaqpas1","rgaq",NA,1.06,NA,321,1211.32075471698
"329","RGAQPAS1-58","rgaqpas1","rgaq",NA,0.79,NA,271,1372.15189873418
"330","SECPPAS1-BW-01","secppas1","secp1bw",NA,0.41,NA,300,2926.82926829268
"331","SECPPAS1-BW-02","secppas1","secp1bw",NA,0.41,NA,175,1707.31707317073
"332","SECPPAS1-BW-03","secppas1","secp1bw",NA,0.69,NA,549,3182.60869565217
"333","SECPPAS1-BW-04","secppas1","secp1bw",NA,0.52,NA,61,469.230769230769
"334","SECPPAS1-BW-08","secppas1","secp1bw",NA,0.73,NA,247,1353.42465753425
"335","SECPPAS1-BW-11","secppas1","secp1bw",NA,0.35,NA,105,1200
"336","SECPPAS1-BW-13","secppas1","secp1bw",NA,0.54,NA,120,888.888888888889
"337","SECPPAS1-BW-17","secppas1","secp1bw",NA,0.71,NA,103,580.281690140845
"338","SECPPAS1-BW-19","secppas1","secp1bw",NA,0.54,NA,140,1037.03703703704
"339","SECPPAS1-BW-21","secppas1","secp1bw",NA,0.7,NA,293,1674.28571428571
"340","SECPPAS1-BW-25","secppas1","secp1bw",NA,0.34,NA,108,1270.58823529412
"341","SECPPAS1-BW-29","secppas1","secp1bw",NA,0.3,NA,137,1826.66666666667
"342","SECPPAS1-BW-34","secppas1","secp1bw",NA,0.96,NA,261,1087.5
"343","SECPPAS1-C-01","secppas1","secp1c",NA,1.14,NA,189,663.157894736842
"344","SECPPAS1-C-03","secppas1","secp1c",NA,0.44,NA,194,1763.63636363636
"345","SECPPAS1-C-05","secppas1","secp1c",NA,0.55,NA,73,530.909090909091
"346","SECPPAS1-C-06","secppas1","secp1c",NA,0.54,NA,208,1540.74074074074
"347","SECPPAS1-C-09","secppas1","secp1c",NA,0.78,NA,76,389.74358974359
"348","SECPPAS1-C-11","secppas1","secp1c",NA,0.72,NA,92,511.111111111111
"349","SECPPAS1-C-13","secppas1","secp1c",NA,0.57,NA,107,750.877192982456
"350","SECPPAS1-C-15","secppas1","secp1c",NA,0.51,NA,201,1576.47058823529
"351","SECPPAS1-C-16","secppas1","secp1c",NA,0.6,NA,143,953.333333333333
"352","SECPPAS1-C-18","secppas1","secp1c",NA,0.32,NA,116,1450
"353","SECPPAS1-C-19","secppas1","secp1c",NA,0.54,NA,119,881.481481481481
"354","SECPPAS1-C-23","secppas1","secp1c",NA,0.58,NA,360,2482.75862068966
"355","SECPPAS1-C-24","secppas1","secp1c",NA,0.37,NA,188,2032.43243243243
"356","SECPPAS1-C-25","secppas1","secp1c",NA,0.56,NA,120,857.142857142857
"357","SECPPAS1-C-28","secppas1","secp1c",NA,0.47,NA,350,2978.72340425532
"358","SECPPAS1-C-29","secppas1","secp1c",NA,0.43,NA,235,2186.04651162791
"359","SECPPAS1-C-30","secppas1","secp1c",NA,0.4,NA,169,1690
"360","SECPPAS1-C-32","secppas1","secp1c",NA,0.7,NA,44.2,252.571428571429
"361","SECPPAS1-C-33","secppas1","secp1c",NA,0.33,NA,71.2,863.030303030303
"362","SECPPAS1-C-36","secppas1","secp1c",NA,0.4,NA,189,1890
"363","SECPPAS1-C-38","secppas1","secp1c",NA,0.32,NA,76.3,953.75
"364","SECPPAS1-C-40","secppas1","secp1c",NA,0.57,NA,37.8,265.263157894737
"365","VPDCPAS1-01","vpdcpas1","vpdc",NA,0.37,NA,463,5005.4054054054
"366","VPDCPAS1-03","vpdcpas1","vpdc",NA,0.72,NA,772,4288.88888888889
"367","VPDCPAS1-06","vpdcpas1","vpdc",NA,0.65,NA,549,3378.46153846154
"368","VPDCPAS1-07","vpdcpas1","vpdc",NA,0.47,NA,313,2663.82978723404
"369","VPDCPAS1-08","vpdcpas1","vpdc",NA,0.7,NA,533,3045.71428571429
"370","VPDCPAS1-09","vpdcpas1","vpdc",NA,0.6,NA,624,4160
"371","VPDCPAS1-10","vpdcpas1","vpdc",NA,0.54,NA,225,1666.66666666667
"372","VPDCPAS1-12","vpdcpas1","vpdc",NA,1.02,NA,175,686.274509803922
"373","VPDCPAS1-14","vpdcpas1","vpdc",NA,0.33,NA,255,3090.90909090909
"374","VPDCPAS1-16","vpdcpas1","vpdc",NA,0.33,NA,507,6145.45454545455
"375","VPDCPAS1-17","vpdcpas1","vpdc",NA,0.46,NA,1192,10365.2173913043
"376","VPDCPAS1-18","vpdcpas1","vpdc",NA,0.52,NA,403,3100
"377","VPDCPAS1-19","vpdcpas1","vpdc",NA,1.25,NA,1050,3360
"378","VPDCPAS1-22","vpdcpas1","vpdc",NA,0.81,NA,239,1180.24691358025
"379","VPDCPAS1-23","vpdcpas1","vpdc",NA,0.61,NA,313,2052.45901639344
"380","VPDCPAS1-24","vpdcpas1","vpdc",NA,0.51,NA,1450,11372.5490196078
"381","VPDCPAS1-25","vpdcpas1","vpdc",NA,0.64,NA,374,2337.5
"382","VPDCPAS1-27","vpdcpas1","vpdc",NA,0.77,NA,444,2306.49350649351
"383","VPDCPAS1-28","vpdcpas1","vpdc",NA,0.53,NA,48,362.264150943396
"384","VPDCPAS1-31","vpdcpas1","vpdc",NA,0.85,NA,272,1280
"385","VPDCPAS1-32","vpdcpas1","vpdc",NA,0.41,NA,306,2985.36585365854
"386","VPDCPAS1-34","vpdcpas1","vpdc",NA,0.63,NA,657,4171.42857142857
"387","VPDCPAS1-35","vpdcpas1","vpdc",NA,0.65,NA,982,6043.07692307692
"388","VPDCPAS1-36","vpdcpas1","vpdc",NA,0.58,NA,200,1379.31034482759
"389","VPDCPAS1-38","vpdcpas1","vpdc",NA,0.5,NA,1016,8128
"390","VPDCPAS1-40","vpdcpas1","vpdc",NA,1.51,NA,845,2238.41059602649
"391","VPDCPAS1-41","vpdcpas1","vpdc",NA,0.55,NA,47.1,342.545454545455
"392","VPDCPAS1-42","vpdcpas1","vpdc",NA,0.35,NA,1152,13165.7142857143
"393","VPDCPAS1-44","vpdcpas1","vpdc",NA,0.96,NA,262,1091.66666666667
"394","VPDCPAS1-45","vpdcpas1","vpdc",NA,0.64,NA,761,4756.25
"395","VPDCPAS1-46","vpdcpas1","vpdc",NA,0.56,NA,356,2542.85714285714
"396","VPDCPAS1-51","vpdcpas1","vpdc",NA,0.4,NA,431,4310
"397","VPDCPAS1-52","vpdcpas1","vpdc",NA,0.87,NA,704,3236.7816091954
"398","VPDCPAS1-55","vpdcpas1","vpdc",NA,0.76,NA,950,5000
"399","VPDCPAS1-58","vpdcpas1","vpdc",NA,0.78,NA,242,1241.02564102564
"400",NA,"coplpas1","copl",NA,2.24,NA,202,360.714285714286
"401",NA,"coplpas1","copl",NA,0.28,NA,678,9685.71428571429
"402",NA,"coplpas1","copl",NA,0.29,NA,395,5448.27586206897
"403",NA,"coplpas1","copl",NA,0.53,NA,900,6792.45283018868
"404",NA,"coplpas1","copl",NA,0.46,NA,648,5634.78260869565
"405",NA,"coplpas1","copl",NA,2.58,NA,2700,4186.04651162791
"406",NA,"coplpas1","copl",NA,0.3,NA,376,5013.33333333333
"407",NA,"coplpas1","copl",NA,0.96,NA,3650,15208.3333333333
"408",NA,"coplpas1","copl",NA,0.31,NA,454,5858.06451612903
"409",NA,"coplpas1","copl",NA,0.59,NA,1362,9233.89830508475
"410",NA,"coplpas1","copl",NA,0.68,NA,818,4811.76470588235
"411",NA,"coplpas1","copl",NA,0.6,NA,890,5933.33333333333
"412",NA,"edtrpas1","edtr",NA,0.49,NA,78.8,643.265306122449
"413",NA,"edtrpas1","edtr",NA,0.53,NA,372,2807.54716981132
"414",NA,"edtrpas1","edtr",NA,0.49,NA,277,2261.22448979592
"415",NA,"edtrpas1","edtr",NA,1.62,NA,129,318.518518518518
"416",NA,"edtrpas1","edtr",NA,0.42,NA,115,1095.2380952381
"417",NA,"edtrpas1","edtr",NA,0.32,NA,108,1350
"418",NA,"edtrpas1","edtr",NA,0.59,NA,205,1389.83050847458
"419",NA,"edtrpas1","edtr",NA,0.46,NA,179,1556.52173913043
"420",NA,"edtrpas1","edtr",NA,0.44,NA,917,8336.36363636364
"421",NA,"edtrpas1","edtr",NA,0.48,NA,39.1,325.833333333333
"422",NA,"ozrkpas1","ozrk",NA,0.41,NA,27.3,266.341463414634
